{"cameraMode":{"drawMode":0,"name":"Shaded","section":"Shading Mode"},"sceneLighting":true,"audioPlay":false,"sceneViewState":{"m_AlwaysRefresh":false,"showFog":true,"showSkybox":true,"showFlares":true,"showImageEffects":true,"showParticleSystems":true,"showVisualEffectGraphs":true,"m_FxEnabled":true},"in2DMode":false,"pivot":{"x":16.130178451538087,"y":-70.18351745605469,"z":-74.96773529052735},"rotation":{"x":0.042181823402643207,"y":0.9131605625152588,"z":-0.3934288024902344,"w":0.09789839386940003},"size":58.163639068603519,"orthographic":false}